id,x,y,z,scale,twist,type,colorGroup
0,-6.0,10.0,4.7647,0.9059,13.3395,0,0
1,-5.0,10.0,5.5882,0.8588,-88.3317,1,1
2,-4.0,10.0,6.6471,0.8693,0.1984,2,2
3,-3.0,10.0,6.8235,0.8732,29.3159,3,3
4,-2.0,10.0,7.4706,0.915,49.5278,4,4
5,-1.0,10.0,5.8824,0.7281,33.3657,5,0
6,0.0,10.0,5.9412,0.7451,-126.828,6,1
7,2.0,10.0,6.8824,1.098,42.0783,7,2
8,3.0,10.0,10.0,1.0833,38.7708,8,3
10,5.0,10.0,9.1765,0.8118,-94.751,10,0
11,6.0,10.0,6.4118,0.7843,-47.8354,11,1
12,7.0,10.0,10.2353,1.1765,-33.8771,12,2
13,8.0,10.0,7.2353,1.0235,35.5747,13,3
14,9.0,10.0,6.0588,0.9059,3.2483,14,4
15,-7.0,9.0,5.0588,0.5373,3.2483,15,0
16,-3.0,9.0,5.6471,0.7206,-30.9117,16,1
17,-2.0,9.0,5.8235,0.5882,-55.247,17,2
18,-1.0,9.0,4.8824,0.9196,33.734,18,3
19,0.0,9.0,7.0,0.8333,33.5099,19,4
20,1.0,9.0,5.5882,1.002,-69.5726,0,0
21,2.0,9.0,10.2941,1.3294,-51.9126,1,1
22,3.0,9.0,9.1176,1.0065,24.2891,2,2
23,4.0,9.0,13.6471,1.4797,-14.1139,3,3
24,5.0,9.0,12.2353,1.1797,68.9211,4,4
25,6.0,9.0,14.0588,1.0915,-26.7994,5,0
26,7.0,9.0,10.1176,1.0931,-8.063,6,1
27,8.0,9.0,9.0,1.3333,-42.1794,7,2
28,9.0,9.0,6.4118,0.7843,118.3615,8,3
30,-1.0,8.0,5.7647,0.5843,-1.7267,10,0
31,0.0,8.0,9.7059,1.0588,-35.9898,11,1
32,2.0,8.0,14.0,1.5111,-71.1768,12,2
33,3.0,8.0,14.7059,1.7706,-33.3157,13,3
34,4.0,8.0,13.7059,1.6706,-52.7759,14,4
35,5.0,8.0,13.1176,1.0745,-42.4451,15,0
36,6.0,8.0,14.5882,1.4657,-28.5926,16,1
37,7.0,8.0,8.6471,0.7765,-8.8887,17,2
38,8.0,8.0,6.6471,1.1255,69.3352,18,3
39,9.0,8.0,6.4706,0.7892,-87.9074,19,4
40,-10.0,7.0,6.9412,1.1598,-28.5926,0,0
41,-9.0,7.0,6.8235,0.9824,-8.8887,1,1
42,-7.0,7.0,5.9412,0.7876,-87.9074,2,2
43,-3.0,7.0,8.0588,0.983,-38.6251,3,3
44,-2.0,7.0,4.8235,0.768,53.0985,4,4
45,-1.0,7.0,6.7647,0.7673,47.1656,5,0
46,0.0,7.0,5.3529,0.6961,-45.6971,6,1
47,1.0,7.0,8.0,1.2222,63.7559,7,2
48,2.0,7.0,14.5294,1.4608,-54.991,8,3
50,4.0,7.0,12.0,1.0,21.3047,10,0
51,5.0,7.0,11.4706,1.2059,-85.3393,11,1
52,6.0,7.0,8.0,0.9778,52.489,12,2
53,7.0,7.0,5.0588,0.8059,109.468,13,3
54,8.0,7.0,5.2941,0.8294,68.6527,14,4
55,9.0,7.0,7.9412,0.7294,-125.2396,15,0
56,-10.0,6.0,6.9412,0.8284,52.489,16,1
57,-9.0,6.0,8.0,0.7333,109.468,17,2
58,-8.0,6.0,7.1765,1.1873,68.6527,18,3
59,-7.0,6.0,6.9412,0.8284,-125.2396,19,4
60,-6.0,6.0,5.1765,0.9059,-88.2184,0,0
61,-5.0,6.0,6.5882,0.9588,-69.4099,1,1
62,-4.0,6.0,5.4706,0.8039,84.5346,2,2
63,-3.0,6.0,7.2353,0.9098,8.5531,3,3
64,-2.0,6.0,5.4118,0.8007,89.6895,4,4
65,-1.0,6.0,5.8235,0.7255,-2.2588,5,0
66,1.0,6.0,7.2941,0.8578,-13.8226,6,1
67,2.0,6.0,10.7059,1.5229,-8.8876,7,2
68,3.0,6.0,15.0,1.5,83.0877,8,3
70,5.0,6.0,13.2353,1.0824,4.1191,10,0
71,6.0,6.0,11.0,1.1667,-118.4621,11,1
72,7.0,6.0,6.2353,0.8209,28.1297,12,2
73,8.0,6.0,9.2353,1.2235,-28.9826,13,3
74,9.0,6.0,8.6471,1.1647,-26.0724,14,4
75,-10.0,5.0,8.0,0.7333,-118.4621,15,0
76,-9.0,5.0,6.7059,0.8088,28.1297,16,1
77,-8.0,5.0,10.5882,0.9059,-28.9826,17,2
78,-7.0,5.0,13.0588,1.8735,-26.0724,18,3
79,-6.0,5.0,5.2941,0.6912,-57.6202,19,4
80,-5.0,5.0,5.5294,0.9951,-50.4314,0,0
81,-4.0,5.0,6.1176,0.9118,59.3173,1,1
82,-3.0,5.0,7.1176,0.8954,34.6402,2,2
83,1.0,5.0,6.0,0.8,-60.6784,3,3
84,2.0,5.0,5.0588,0.781,-41.1875,4,4
85,3.0,5.0,13.6471,1.0732,-53.2687,5,0
86,4.0,5.0,14.8235,1.4853,46.2567,6,1
87,5.0,5.0,13.1765,1.7974,-58.5447,7,2
88,6.0,5.0,6.6471,0.8039,-139.8834,8,3
90,8.0,5.0,13.6471,1.1098,-41.2445,10,0
91,9.0,5.0,9.7059,1.0588,-69.6175,11,1
92,-10.0,4.0,8.5294,1.0248,-139.8834,12,2
93,-9.0,4.0,6.5294,0.9529,56.4447,13,3
94,-8.0,4.0,11.5882,1.4588,-41.2445,14,4
95,-7.0,4.0,13.5882,1.1059,-69.6175,15,0
96,-6.0,4.0,12.3529,1.2794,51.0155,16,1
97,-5.0,4.0,8.8235,0.7882,-120.357,17,2
98,-4.0,4.0,6.5294,1.1118,-42.6874,18,3
99,-3.0,4.0,6.0588,0.7549,-43.4356,19,4
100,4.0,4.0,6.6471,1.1255,-58.1378,0,0
101,5.0,4.0,13.1765,1.6176,32.6926,1,1
102,6.0,4.0,12.4118,1.1895,121.5407,2,2
103,7.0,4.0,11.8235,1.3176,-41.2595,3,3
104,8.0,4.0,5.8824,0.8268,63.5999,4,4
105,9.0,4.0,8.5882,0.8484,-15.8005,5,0
106,-8.0,3.0,12.9412,1.3284,63.5999,6,1
107,-7.0,3.0,14.7059,1.9673,-15.8005,7,2
108,-6.0,3.0,9.6471,1.0539,-5.7594,8,3
110,-4.0,3.0,12.9412,1.0627,-0.9288,10,0
111,-3.0,3.0,5.7059,0.7255,26.5207,11,1
112,6.0,3.0,7.2353,0.9098,21.8662,12,2
113,7.0,3.0,14.7647,1.7765,-52.5943,13,3
114,9.0,3.0,7.1765,1.0176,-9.1225,14,4
115,-9.0,2.0,5.2353,0.549,-52.5943,15,0
116,-8.0,2.0,13.8235,1.402,63.468,16,1
117,-7.0,2.0,12.9412,1.0627,-9.1225,17,2
118,-6.0,2.0,13.0588,1.8735,7.2504,18,3
119,-5.0,2.0,12.7059,1.3088,86.8885,19,4
120,-4.0,2.0,9.7059,1.4824,-115.1875,0,0
121,-3.0,2.0,10.9412,1.3941,-14.0595,1,1
122,-2.0,2.0,5.8824,0.8268,-111.409,2,2
123,0.0,2.0,5.2941,0.7373,-105.2614,3,3
124,5.0,2.0,6.0,0.8333,12.1195,4,4
125,6.0,2.0,11.7647,0.9895,39.0796,5,0
126,7.0,2.0,12.1176,1.2598,84.7996,6,1
127,9.0,2.0,6.1765,1.0196,-69.9442,7,2
128,-9.0,1.0,4.8235,0.652,84.7996,8,3
130,-7.0,1.0,10.8235,0.9216,-69.9442,10,0
131,-6.0,1.0,12.0588,1.2549,-72.6873,11,1
132,-5.0,1.0,11.5294,1.2915,59.2405,12,2
133,-4.0,1.0,9.5294,1.2529,-109.7938,13,3
134,-3.0,1.0,11.0,1.4,37.0404,14,4
135,-2.0,1.0,13.2353,1.0824,-7.9735,15,0
136,-1.0,1.0,10.0,1.0833,-38.2036,16,1
137,3.0,1.0,11.8824,0.9922,1.3405,17,2
138,4.0,1.0,10.8235,1.6127,-78.7006,18,3
139,5.0,1.0,12.1765,1.2647,33.1178,19,4
140,6.0,1.0,11.5294,1.6951,-84.5092,0,0
141,7.0,1.0,11.4118,1.4412,-16.01,1,1
142,-8.0,0.0,8.2941,0.9608,-64.7921,2,2
143,-7.0,0.0,8.8235,1.051,-63.1906,3,3
144,-6.0,0.0,7.2353,0.902,72.8985,4,4
145,-5.0,0.0,8.8824,0.8614,-14.2629,5,0
146,-4.0,0.0,12.2353,1.2696,16.6078,6,1
147,-3.0,0.0,10.7059,1.5229,-58.0511,7,2
148,-2.0,0.0,10.8235,1.152,-78.694,8,3
150,0.0,0.0,13.3529,1.0902,-0.1475,10,0
151,2.0,0.0,13.3529,1.3627,31.8974,11,1
152,3.0,0.0,12.0,1.3333,-91.7779,12,2
153,4.0,0.0,10.8235,1.3824,70.0778,13,3
154,5.0,0.0,13.4706,1.6471,66.8879,14,4
155,6.0,0.0,11.5882,0.9725,-116.6703,15,0
156,7.0,0.0,4.7647,0.6471,0.8197,16,1
157,8.0,0.0,7.0588,0.6706,54.683,17,2
158,-8.0,-1.0,10.3529,1.5578,54.683,18,3
159,-6.0,-1.0,11.8235,1.2353,-58.9825,19,4
160,-5.0,-1.0,11.6471,1.7088,-20.0104,0,0
161,-4.0,-1.0,7.7647,1.0765,-14.2537,1,1
162,-3.0,-1.0,8.0588,0.9477,-60.5891,2,2
163,-2.0,-1.0,6.0588,0.8052,55.8597,3,3
164,-1.0,-1.0,11.0588,1.1144,-90.8925,4,4
165,0.0,-1.0,8.4706,0.8431,86.1379,5,0
166,1.0,-1.0,6.7647,0.8137,35.2522,6,1
167,2.0,-1.0,13.2941,1.8105,-57.6285,7,2
168,3.0,-1.0,10.4118,1.1176,58.9064,8,3
170,5.0,-1.0,9.7059,0.8471,24.9746,10,0
171,6.0,-1.0,5.8235,0.7353,-133.9544,11,1
172,-8.0,-2.0,9.8235,1.1399,14.1164,12,2
173,-7.0,-2.0,6.4706,0.9471,48.8319,13,3
174,-5.0,-2.0,14.3529,1.7353,-39.6654,14,4
175,-4.0,-2.0,7.7059,0.7137,-33.6346,15,0
176,-1.0,-2.0,5.2353,0.6863,77.1628,16,1
177,2.0,-2.0,6.8235,0.6549,94.5402,17,2
178,3.0,-2.0,11.3529,1.6745,-73.0407,18,3
179,4.0,-2.0,6.7059,0.8088,23.3137,19,4
180,5.0,-2.0,6.3529,1.0912,21.6806,0,0
181,6.0,-2.0,10.8824,1.3882,-14.6904,1,1
182,9.0,-2.0,6.4706,0.8595,41.6717,2,2
183,-8.0,-3.0,15.0,1.6,49.8773,3,3
184,-7.0,-3.0,8.0,0.9444,41.6717,4,4
185,-6.0,-3.0,6.7647,0.7673,-122.9869,5,0
186,1.0,-3.0,5.1765,0.6814,-72.9628,6,1
187,3.0,-3.0,5.2941,0.9216,80.7825,7,2
188,4.0,-3.0,10.1176,1.0931,-50.4172,8,3
190,6.0,-3.0,6.2353,0.6157,78.7204,10,0
191,7.0,-3.0,6.0,0.75,55.2654,11,1
192,8.0,-3.0,5.8235,0.7843,-21.297,12,2
193,-7.0,-4.0,9.7059,1.2706,62.8643,13,3
194,-6.0,-4.0,5.7059,0.8706,59.9548,14,4
195,-4.0,-4.0,4.8235,0.5216,70.6144,15,0
196,-3.0,-4.0,5.3529,0.6961,21.801,16,1
197,-2.0,-4.0,5.8824,0.5922,32.9092,17,2
198,-1.0,-4.0,6.5294,1.1118,-7.2137,18,3
199,0.0,-4.0,6.5882,0.799,-73.0921,19,4
200,1.0,-4.0,6.0588,1.0569,-61.4664,0,0
201,2.0,-4.0,6.4706,0.9471,20.8147,1,1
202,3.0,-4.0,5.7647,0.8203,-68.4028,2,2
203,5.0,-4.0,6.8235,0.8732,-64.0738,3,3
204,6.0,-4.0,5.4706,0.8039,50.7131,4,4
205,7.0,-4.0,6.5294,0.7569,13.2589,5,0
206,-8.0,-5.0,5.7059,0.7255,55.6483,6,1
207,-7.0,-5.0,4.7647,0.8627,-50.6862,7,2
208,-4.0,-5.0,5.4706,0.7059,-21.0789,8,3
210,-2.0,-5.0,6.8824,0.6588,-16.2052,10,0
211,-1.0,-5.0,7.8235,0.902,-37.4215,11,1
212,0.0,-5.0,7.0,0.8889,-109.2636,12,2
213,1.0,-5.0,6.4118,0.9412,-33.8551,13,3
214,2.0,-5.0,9.1765,1.2176,-29.7565,14,4
215,3.0,-5.0,13.1176,1.0745,100.2567,15,0
216,6.0,-5.0,10.4118,1.1176,-19.96,16,1
217,7.0,-5.0,7.7059,0.7137,16.4275,17,2
218,-8.0,-6.0,6.5882,1.1186,64.3963,18,3
219,-7.0,-6.0,7.4118,0.8676,39.2062,19,4
220,-4.0,-6.0,6.1765,1.0706,-18.979,0,0
221,-3.0,-6.0,8.4118,1.1412,93.4147,1,1
222,-2.0,-6.0,11.7059,1.1503,-106.9863,2,2
223,-1.0,-6.0,8.0588,0.983,-76.3373,3,3
224,0.0,-6.0,6.4118,0.8562,97.3055,4,4
225,1.0,-6.0,6.6471,0.7621,56.4119,5,0
226,2.0,-6.0,10.7647,1.1471,-80.5342,6,1
227,3.0,-6.0,14.4118,1.9346,-94.5588,7,2
228,7.0,-6.0,4.8235,0.652,-85.2385,8,3
230,-4.0,-7.0,10.0588,0.8706,-59.158,10,0
231,-3.0,-7.0,5.1176,0.6765,9.9376,11,1
232,-2.0,-7.0,5.2941,0.7373,-23.5316,12,2
233,-1.0,-7.0,6.8235,0.9824,84.8177,13,3
234,0.0,-7.0,6.0,0.9,-38.9444,14,4
235,2.0,-7.0,7.9412,0.7294,111.9063,15,0
